1|/+-,.%:?!|/+-,.%:?!|/+-,.%:?!|/+-,.%:?!|
2|确认|CONFIRM|確認|確認|
3|取消|CANCEL|取消|キャンセル|
4|开始|START|開始|スタート|
5|年|.|年|年|
6|月|.|月|月|
7|日|.|日|日|
8|天|day|天|日|
9|小时|hour|小時|時|
10|分|min|分|分|
11|秒|sec|秒|秒|
12|点|hour|時|時|
13|退出|Exit|Exit|Exit|
14|返回|Back|Back|Back|
15|购买|Buy|Buy|Buy|
16|刷新|Fresh|Fresh|Fresh|
17|获得|Get|Get|Get|
18|简体中文|English|繁體中文|日本語|
19|出售|出售|出售|出售|
20|解锁|解锁|解锁|解锁|
21|关闭|关闭|关闭|关闭|
22|玩家1号|玩家1号|玩家1号|玩家1号|
100|音效|音效|音效|音效|
101|音乐|音乐|音乐|音乐|
102|垂直同步|垂直同步|垂直同步|垂直同步|
103|滤镜|滤镜|滤镜|滤镜|
104|阴影|阴影|阴影|阴影|
105|帧率|帧率|帧率|帧率|
106|语言|语言|语言|语言|
107|伤害|伤害|伤害|伤害|
108|中文|英文|繁体|日文|
109|震动|震动|震动|震动|
110|切换账号|切换账号|切换账号|切换账号|
111|退出游戏|退出游戏|退出游戏|退出游戏|
112|联系我们|联系我们|联系我们|联系我们|
120|银币|银币|银币|银币|
121|钻石|钻石|钻石|钻石|
122|宝箱积分|宝箱积分|宝箱积分|宝箱积分|
123|金币|金币|金币|金币|
124|能量|能量|能量|能量|
125|人口|Food|Food|Food|
126|购买失败,请检查网络|购买失败,请检查网络|购买失败,请检查网络|购买失败,请检查网络|
127|上传|Upload|上傳|Upload|
128|下载|Download|下載|Download|
129|为了保护您的存档安全，每日对云存档的操作次数有一定限制|Number of operations on cloud saves a day is limited to protect your saves.|為了保護您的存檔安全，每日對雲存檔的操作次數有一定限制|Number of operations on cloud saves a day is limited to protect your saves.|
130|我们建议云存档仅在更换设备时用以转移数据,以防风险操作造成存档丢失|We recommend to only use cloud saves when transfering data to a new device to prevent data loss.|我們建議雲存檔僅在更換設備時用以轉移數據,以防風險操作造成存檔丟失|We recommend to only use cloud saves when transfering data to a new device to prevent data loss.|
131|上传成功|Upload Successful|上傳成功|Upload Successful|
132|上传失败|Upload Failed|上傳失敗|Upload Failed|
133|下载成功|Download Successful|下載成功|Download Successful|
134|下载失败|Download Failed|下載失敗|Download Failed|
135|确定下载云端存档吗？下载后将覆盖本地存档|Are you sure you want to download cloud saves? Local saves will be overwritten.|確定下載雲端存檔嗎？下載後將覆蓋本地存檔|Are you sure you want to download cloud saves? Local saves will be overwritten.|
136|今日上传存档次数已达上限，请明天再进行尝试|You've reached upload limit today. Please try again tomorrow.|今日上傳存檔次數已達上限，請明天再進行嘗試|You've reached upload limit today. Please try again tomorrow.|
137|今天下载存档次数已达上限，请明天再进行尝试|You've reached download limit today. Please try again tomorrow.|今天下載存檔次數已達上限，請明天再進行嘗試|You've reached download limit today. Please try again tomorrow.|
138|云存档|Cloud Saves|雲存檔|Cloud Saves|
139|确定将本地存档覆盖到云端？|Are you sure you want to upload local saves to the cloud?|確定將本地存檔覆蓋到雲端？|Are you sure you want to upload local saves to the cloud?|
140|无云存档|No Cloud Saves|無雲存檔|No Cloud Saves|
141|普通攻击|普通攻击|普通攻击|普通攻击|
142|主动|主动|主动|主动|
143|被动|被动|被动|被动|
144|被动|被动|被动|被动|
145|蓝色|蓝色|蓝色|蓝色|
146|紫色|紫色|紫色|紫色|
147|橙色|橙色|橙色|橙色|
148|第{0}章|第{0}章|第{0}章|第{0}章|
149|难度{0}|难度{0}|难度{0}|难度{0}|
150|签到|签到|签到|签到|
151|免费|免费|免费|免费|
152|挑战|挑战|挑战|挑战|
153|开启|开启|开启|开启|
154|需通关第{0}章|需通关第{0}章|需通关第{0}章|需通关第{0}章|
155|科技|科技|科技|科技|
156|卡牌|卡牌|卡牌|卡牌|
157|战斗|战斗|战斗|战斗|
158|集市|集市|集市|集市|
159|商城|商城|商城|商城|
160|单位信息|单位信息|单位信息|单位信息|
161|单位详细信息|单位详细信息|单位详细信息|单位详细信息|
162|升级所需花费|升级所需花费|升级所需花费|升级所需花费|
163|升星|升星|升星|升星|
164|升级|升级|升级|升级|
165|升星所需的卡牌数不足|升星所需的卡牌数不足|升星所需的卡牌数不足|升星所需的卡牌数不足|
166|升级所需的银币不足|升级所需的银币不足|升级所需的银币不足|升级所需的银币不足|
167|库存：{0}|库存：{0}|库存：{0}|库存：{0}|
168|银币刷新x{0}|银币刷新x{0}|银币刷新x{0}|银币刷新x{0}|
169|{0}后自动刷新|{0}后自动刷新|{0}后自动刷新|{0}后自动刷新|
170|隐私政策|隐私政策|隐私政策|隐私政策|
171|用户协议|用户协议|用户协议|用户协议|
172|钻石宝箱|钻石宝箱|钻石宝箱|钻石宝箱|
173|货币购买|货币购买|货币购买|货币购买|
174|银币购买|银币购买|银币购买|银币购买|
175|银币保险库|银币保险库|银币保险库|银币保险库|
176|免费获得|免费获得|免费获得|免费获得|
177|获得银币|获得银币|获得银币|获得银币|
178|今日广告次数({0})|今日广告次数({0})|今日广告次数({0})|今日广告次数({0})|
179|今日免费广告次数已达上限|今日免费广告次数已达上限|今日免费广告次数已达上限|今日免费广告次数已达上限|
180|获取{0}|获取{0}|获取{0}|获取{0}|
181|钻石不足|钻石不足|钻石不足|钻石不足|
182|当前卡牌已告罄|当前卡牌已告罄|当前卡牌已告罄|当前卡牌已告罄|
183|拥有：{0}|拥有：{0}|拥有：{0}|拥有：{0}|
184|购买所需的货币不足|购买所需的货币不足|购买所需的货币不足|购买所需的货币不足|
185|刷新所需的银币不足|刷新所需的银币不足|刷新所需的银币不足|刷新所需的银币不足|
186|购买成功|购买成功|购买成功|购买成功|
187|需要{0}{1}|需要{0}{1}|需要{0}{1}|需要{0}{1}|
188|当前已是最大等级|当前已是最大等级|当前已是最大等级|当前已是最大等级|
189|前置科技等级不满足条件|前置科技等级不满足条件|前置科技等级不满足条件|前置科技等级不满足条件|
190|<color=#B40B36>7</color>日签到<color=#B40B36>赢好礼</color>|<color=#B40B36>7</color>日签到<color=#B40B36>赢好礼</color>|<color=#B40B36>7</color>日签到<color=#B40B36>赢好礼</color>|<color=#B40B36>7</color>日签到<color=#B40B36>赢好礼</color>|
191|第{0}天|第{0}天|第{0}天|第{0}天|
192|已获得|已获得|已获得|已获得|
193|今天已经领取过奖励了，明天再来吧|今天已经领取过奖励了，明天再来吧|今天已经领取过奖励了，明天再来吧|今天已经领取过奖励了，明天再来吧|
194|签到成功|签到成功|签到成功|签到成功|
195|建筑|建筑|建筑|建筑|
196|肉盾|肉盾|肉盾|肉盾|
197|近战|近战|近战|近战|
198|远程|远程|远程|远程|
199|法师|法师|法师|法师|
200|治疗|治疗|治疗|治疗|
201|建造|建造|建造|建造|
202|金币不足|金币不足|金币不足|金币不足|
203|需要更多的农场|需要更多的农场|需要更多的农场|需要更多的农场|
204|点击空白处关闭|点击空白处关闭|点击空白处关闭|点击空白处关闭|
205|怪物上限|怪物上限|怪物上限|怪物上限|
206|当前选择|当前选择|当前选择|当前选择|
207|穿戴|穿戴|穿戴|穿戴|
208|卸下|卸下|卸下|卸下|
209|一键合成|一键合成|一键合成|一键合成|
210|重铸|重铸|重铸|重铸|
211|装备栏位已满|装备栏位已满|装备栏位已满|装备栏位已满|
212|是否要进行一键合成,所有未锁定的装备都会参与合并，请提前保留不想参与合并的装备|是否要进行一键合成,所有未锁定的装备都会参与合并，请提前保留不想参与合并的装备|是否要进行一键合成,所有未锁定的装备都会参与合并，请提前保留不想参与合并的装备|是否要进行一键合成,所有未锁定的装备都会参与合并，请提前保留不想参与合并的装备|
213|重铸将{0}更换为同等级的其他装备|重铸将{0}更换为同等级的其他装备|重铸将{0}更换为同等级的其他装备|重铸将{0}更换为同等级的其他装备|
214|穿戴中的装备无法重置|穿戴中的装备无法重置|穿戴中的装备无法重置|穿戴中的装备无法重置|
215|重置成功|重置成功|重置成功|重置成功|
216|选择卡组|选择卡组|选择卡组|选择卡组|
217|添加|添加|添加|添加|
218|移除|移除|移除|移除|
219|开战|开战|开战|开战|
220|当前卡牌已添加至卡组内|当前卡牌已添加至卡组内|当前卡牌已添加至卡组内|当前卡牌已添加至卡组内|
221|当前卡组可用位置已满|当前卡组可用位置已满|当前卡组可用位置已满|当前卡组可用位置已满|
222|该单位已达最高星级|该单位已达最高星级|该单位已达最高星级|该单位已达最高星级|
223|已满级|已满级|已满级|已满级|
224|通关{0}以解锁更高等级|通关{0}以解锁更高等级|通关{0}以解锁更高等级|通关{0}以解锁更高等级|
225|欢迎回来|欢迎回来|欢迎回来|欢迎回来|
226|点击任意位置进入游戏|点击任意位置进入游戏|点击任意位置进入游戏|点击任意位置进入游戏|
227|等级|等级|等级|等级|
228|胜利|胜利|胜利|胜利|
229|失败|失败|失败|失败|
230|重置宝箱|重置宝箱|重置宝箱|重置宝箱|
231|再次开启宝箱(每日限制{0})|再次开启宝箱(每日限制{0})|再次开启宝箱(每日限制{0})|再次开启宝箱(每日限制{0})|
232|获取广告失败|获取广告失败|获取广告失败|获取广告失败|
233|个人设置|个人设置|个人设置|个人设置|
234|玩家名字|玩家名字|玩家名字|玩家名字|
235|用户ID:{0}|用户ID:{0}|用户ID:{0}|用户ID:{0}|
236|版本号：{0}|版本号：{0}|版本号：{0}|版本号：{0}|
237|玩家QQ群：878798745|玩家QQ群：878798745|玩家QQ群：878798745|玩家QQ群：878798745|
238|确定更换语言？|确定更换语言？|确定更换语言？|确定更换语言？|
239|继续|继续|继续|继续|
240|全部|全部|全部|全部|
241|金币挑战|金币挑战|金币挑战|金币挑战|
242|能量挑战|能量挑战|能量挑战|能量挑战|
243|装备挑战|装备挑战|装备挑战|装备挑战|
244|该挑战正处于冷却中|该挑战正处于冷却中|该挑战正处于冷却中|该挑战正处于冷却中|
245|召唤一群金币怪,击败后获得大量金币|召唤一群金币怪,击败后获得大量金币|召唤一群金币怪,击败后获得大量金币|召唤一群金币怪,击败后获得大量金币|
246|召唤一只特殊怪物,击败后获得大量能量|召唤一只特殊怪物,击败后获得大量能量|召唤一只特殊怪物,击败后获得大量能量|召唤一只特殊怪物,击败后获得大量能量|
247|召唤一只强力怪物,击败后获得一件S级装备|召唤一只强力怪物,击败后获得一件S级装备|召唤一只强力怪物,击败后获得一件S级装备|召唤一只强力怪物,击败后获得一件S级装备|
248|挑战|挑战|挑战|挑战|
249|挑战怪物已经到来！|挑战怪物已经到来！|挑战怪物已经到来！|挑战怪物已经到来！|
250|移动|移动|移动|移动|
251|能量不足,请建造或升级 =><color=green>能源站</color><=|能量不足,请建造或升级 =><color=green>能源站</color><=|能量不足,请建造或升级 =><color=green>能源站</color><=|能量不足,请建造或升级 =><color=green>能源站</color><=|
252|获得|获得|获得|获得|
253|数量：{0}|数量：{0}|数量：{0}|数量：{0}|
254|联系方式|联系方式|联系方式|联系方式|
255|天赋技能|天赋技能|天赋技能|天赋技能|
256|携带装备|携带装备|携带装备|携带装备|
257|可用操作|可用操作|可用操作|可用操作|
258|已穿戴|已穿戴|已穿戴|已穿戴|
259|已解除|已解除|已解除|已解除|
260|普通宝盒|普通宝盒|普通宝盒|普通宝盒|
261|稀有宝盒|稀有宝盒|稀有宝盒|稀有宝盒|
262|传说宝盒|传说宝盒|传说宝盒|传说宝盒|
263|装备信息|装备信息|装备信息|装备信息|
264|限时击杀|限时击杀|限时击杀|限时击杀|
265|{0}格|{0}格|{0}格|{0}格|
266|{0}秒|{0}秒|{0}秒|{0}秒|
267|当前宝箱尚未解锁|当前宝箱尚未解锁|当前宝箱尚未解锁|当前宝箱尚未解锁|
268|当前宝箱正在冷却中|当前宝箱正在冷却中|当前宝箱正在冷却中|当前宝箱正在冷却中|
269|通关全部章节解锁更高难度|通关全部章节解锁更高难度|通关全部章节解锁更高难度|通关全部章节解锁更高难度|
270|免费领取|免费领取|免费领取|免费领取|
271|战胜对手才能获得奖励|战胜对手才能获得奖励|战胜对手才能获得奖励|战胜对手才能获得奖励|
272|已领取奖励|已领取奖励|已领取奖励|已领取奖励|
273|天赋技能在单位达到6级/11级时自动升级|天赋技能在单位达到6级/11级时自动升级|天赋技能在单位达到6级/11级时自动升级|天赋技能在单位达到6级/11级时自动升级|
274|您最多只能建造<color=red>{0}</color>个{1}|您最多只能建造<color=red>{0}</color>个{1}|您最多只能建造<color=red>{0}</color>个{1}|您最多只能建造<color=red>{0}</color>个{1}|
275|怪物超出上限,{0}后游戏失败|怪物超出上限,{0}后游戏失败|怪物超出上限,{0}后游戏失败|怪物超出上限,{0}后游戏失败|
276|确定要返回大厅吗？|确定要返回大厅吗？|确定要返回大厅吗？|确定要返回大厅吗？|
277|退出战斗|退出战斗|退出战斗|退出战斗|
278|继续战斗|继续战斗|继续战斗|继续战斗|
279|游戏设置|游戏设置|游戏设置|游戏设置|
280|点击重置宝箱|点击重置宝箱|点击重置宝箱|点击重置宝箱|
281|至少2件以上装备才能合成|至少2件以上装备才能合成|至少2件以上装备才能合成|至少2件以上装备才能合成|
282|装备背包已满|装备背包已满|装备背包已满|装备背包已满|
283|合成成功|合成成功|合成成功|合成成功|
284|战斗中升级获得的属性\n<color=green>+{0}</color>|战斗中升级获得的属性\n<color=green>+{0}</color>|战斗中升级获得的属性\n<color=green>+{0}</color>|战斗中升级获得的属性\n<color=green>+{0}</color>|
285|升星成功,目前星级为:{0}|升星成功,目前星级为:{0}|升星成功,目前星级为:{0}|升星成功,目前星级为:{0}|
286|升级成功,目前等级为:{0}|升级成功,目前等级为:{0}|升级成功,目前等级为:{0}|升级成功,目前等级为:{0}|
287|升级成功,这个科技已经满级|升级成功,这个科技已经满级|升级成功,这个科技已经满级|升级成功,这个科技已经满级|
288|这个单位无法携带装备|这个单位无法携带装备|这个单位无法携带装备|这个单位无法携带装备|
289|钻石保险库|钻石保险库|钻石保险库|钻石保险库|
290|钻石购买|钻石购买|钻石购买|钻石购买|
291|获得钻石|获得钻石|获得钻石|获得钻石|
292|确定要出售这个单位吗|确定要出售这个单位吗|确定要出售这个单位吗|确定要出售这个单位吗|
293|已成功解锁|已成功解锁|已成功解锁|已成功解锁|
294|请选择一件装备|请选择一件装备|请选择一件装备|请选择一件装备|
295|无法装备相同类型的装备|无法装备相同类型的装备|无法装备相同类型的装备|无法装备相同类型的装备|
296|上一页|上一页|上一页|上一页|
297|下一页|下一页|下一页|下一页|
298|战斗说明|战斗说明|战斗说明|战斗说明|
299|挑战|挑战|挑战|挑战|
300|建造|建造|建造|建造|
301|装备|装备|装备|装备|
302|正在购买中,请关闭界面重试|正在购买中,请关闭界面重试|正在购买中,请关闭界面重试|正在购买中,请关闭界面重试|
303|您还未输入内容，确定后将保留原本昵称|您还未输入内容，确定后将保留原本昵称|您还未输入内容，确定后将保留原本昵称|您还未输入内容，确定后将保留原本昵称|
304|确定当前昵称吗？|确定当前昵称吗？|确定当前昵称吗？|确定当前昵称吗？|
305|闪避|闪避|闪避|闪避|
306|没有装备可以穿戴|没有装备可以穿戴|没有装备可以穿戴|没有装备可以穿戴|
308|已使用|已使用|已使用|已使用|
309|退出登陆|退出登陆|退出登陆|退出登陆|
310|没有选中装备|没有选中装备|没有选中装备|没有选中装备|
311|能量不足|能量不足|能量不足|能量不足|
1000|生命值|生命值|生命值|生命值|
1001|物理攻击|物理攻击|物理攻击|物理攻击|
1002|魔法攻击|魔法攻击|魔法攻击|魔法攻击|
1003|护甲|护甲|护甲|护甲|
1004|魔抗|魔抗|魔抗|魔抗|
1005|物理暴击|物理暴击|物理暴击|物理暴击|
1006|物理暴击伤害|物理暴击伤害|物理暴击伤害|物理暴击伤害|
1007|物理暴击抗性|物理暴击抗性|物理暴击抗性|物理暴击抗性|
1008|负面抗性|负面抗性|负面抗性|负面抗性|
1009|物理穿透|物理穿透|物理穿透|物理穿透|
1010|法术穿透|法术穿透|法术穿透|法术穿透|
1011|加强负面效果|加强负面效果|加强负面效果|加强负面效果|
1012|冷却缩减|冷却缩减|冷却缩减|冷却缩减|
1013|攻击速度|攻击速度|攻击速度|攻击速度|
1014|攻击加成|攻击加成|攻击加成|攻击加成|
1015|法术加成|法术加成|法术加成|法术加成|
1016|忽视护甲|忽视护甲|忽视护甲|忽视护甲|
1017|忽视魔抗|忽视魔抗|忽视魔抗|忽视魔抗|
1018|吸血|吸血|吸血|吸血|
1019|抗吸血|抗吸血|抗吸血|抗吸血|
1020|移动速度|移动速度|移动速度|移动速度|
1021|精准|精准|精准|精准|
1022|闪避|闪避|闪避|闪避|
1023|法术暴击|法术暴击|法术暴击|法术暴击|
1024|法术暴击伤害|法术暴击伤害|法术暴击伤害|法术暴击伤害|
1025|法术暴击抗性|法术暴击抗性|法术暴击抗性|法术暴击抗性|
1026|治疗量|治疗量|治疗量|治疗量|
1027|治疗加成|治疗加成|治疗加成|治疗加成|
1028|加强恢复效果|加强恢复效果|加强恢复效果|加强恢复效果|
1029|攻击距离|攻击距离|攻击距离|攻击距离|
1030|燃烧抵抗|燃烧抵抗|燃烧抵抗|燃烧抵抗|
1031|麻痹抵抗|麻痹抵抗|麻痹抵抗|麻痹抵抗|
1032|中毒抵抗|中毒抵抗|中毒抵抗|中毒抵抗|
1033|潮湿抵抗|潮湿抵抗|潮湿抵抗|潮湿抵抗|
1102|晕眩|晕眩|晕眩|晕眩|
1103|无法进行任何行动|无法进行任何行动|无法进行任何行动|无法进行任何行动|
1104|中毒|中毒|中毒|中毒|
1105|移速降低并每秒受到魔法伤害|移速降低并每秒受到魔法伤害|移速降低并每秒受到魔法伤害|移速降低并每秒受到魔法伤害|
1106|燃烧|燃烧|燃烧|燃烧|
1107|每秒受到魔法伤害|每秒受到魔法伤害|每秒受到魔法伤害|每秒受到魔法伤害|
1108|麻痹|麻痹|麻痹|麻痹|
1109|命中降低|命中降低|命中降低|命中降低|
1110|潮湿|潮湿|潮湿|潮湿|
1111|攻速和闪避降低|攻速和闪避降低|攻速和闪避降低|攻速和闪避降低|
1112|诅咒|诅咒|诅咒|诅咒|
1113|物理攻击和魔法攻击降低|物理攻击和魔法攻击降低|物理攻击和魔法攻击降低|物理攻击和魔法攻击降低|
1302|大本营|大本营|大本营|大本营|
1304|金矿|金矿|金矿|金矿|
1306|能源站|能源站|能源站|能源站|
1308|农场|农场|农场|农场|
1310|剑士|剑士|剑士|剑士|
1312|短弓手|短弓手|短弓手|短弓手|
1314|壮汉|壮汉|壮汉|壮汉|
1316|斧头帮|斧头帮|斧头帮|斧头帮|
1318|卫兵|卫兵|卫兵|卫兵|
1320|长弓手|长弓手|长弓手|长弓手|
1322|矮人射手|矮人射手|矮人射手|矮人射手|
1324|牧师|牧师|牧师|牧师|
1326|火球术士|火球术士|火球术士|火球术士|
1328|雷电术士|雷电术士|雷电术士|雷电术士|
1330|巫师|巫师|巫师|巫师|
1332|风暴大师|风暴大师|风暴大师|风暴大师|
1334|宫廷剑客|宫廷剑客|宫廷剑客|宫廷剑客|
1336|僧侣|僧侣|僧侣|僧侣|
1338|药医|药医|药医|药医|
1340|狂战士|狂战士|狂战士|狂战士|
1342|魔剑士|魔剑士|魔剑士|魔剑士|
1344|军需官|军需官|军需官|军需官|
1346|沉默术士|沉默术士|沉默术士|沉默术士|
1348|教官|教官|教官|教官|
1350|导师|导师|导师|导师|
1352|大地术士|大地术士|大地术士|大地术士|
1354|冰霜术士|冰霜术士|冰霜术士|冰霜术士|
1356|熔岩大师|熔岩大师|熔岩大师|熔岩大师|
1358|战锤牧师|战锤牧师|战锤牧师|战锤牧师|
1360|城门守卫|城门守卫|城门守卫|城门守卫|
1362|钢铁卫兵|钢铁卫兵|钢铁卫兵|钢铁卫兵|
1364|苦行僧|苦行僧|苦行僧|苦行僧|
1366|暗精灵射手|暗精灵射手|暗精灵射手|暗精灵射手|
1368|野蛮人射手|野蛮人射手|野蛮人射手|野蛮人射手|
1370|高地射手|高地射手|高地射手|高地射手|
1372|神秘刺客|神秘刺客|神秘刺客|神秘刺客|
1374|赏金猎人|赏金猎人|赏金猎人|赏金猎人|
1376|带刀侍卫|带刀侍卫|带刀侍卫|带刀侍卫|
1500|金币挑战|金币挑战|金币挑战|金币挑战|
1502|能量挑战|能量挑战|能量挑战|能量挑战|
1504|装备挑战|装备挑战|装备挑战|装备挑战|
1520|僵尸|僵尸|僵尸|僵尸|
1522|马蜂|马蜂|马蜂|马蜂|
1524|高护甲|高护甲|高护甲|高护甲|
1526|高血量|高血量|高血量|高血量|
1528|远程物理|远程物理|远程物理|远程物理|
1530|高魔抗|高魔抗|高魔抗|高魔抗|
1532|远程魔法|远程魔法|远程魔法|远程魔法|
1534|闪避|闪避|闪避|闪避|
1536|自爆|自爆|自爆|自爆|
1538|反弹|反弹|反弹|反弹|
1540|毒皮|毒皮|毒皮|毒皮|
1542|反沉默|反沉默|反沉默|反沉默|
1544|减甲|减甲|减甲|减甲|
1546|南瓜|南瓜|南瓜|南瓜|
1700|草原1|草原1|草原1|草原1|
1702|草原2|草原2|草原2|草原2|
1704|草原3|草原3|草原3|草原3|
1706|森林1|森林1|森林1|森林1|
1708|森林2|森林2|森林2|森林2|
1710|森林3|森林3|森林3|森林3|
1712|森林4|森林4|森林4|森林4|
1714|沙漠1|沙漠1|沙漠1|沙漠1|
1716|沙漠2|沙漠2|沙漠2|沙漠2|
1718|沙漠3|沙漠3|沙漠3|沙漠3|
1720|沙漠4|沙漠4|沙漠4|沙漠4|
1722|沙漠5|沙漠5|沙漠5|沙漠5|
1724|雪山1|雪山1|雪山1|雪山1|
1726|雪山2|雪山2|雪山2|雪山2|
1728|雪山3|雪山3|雪山3|雪山3|
1730|雪山4|雪山4|雪山4|雪山4|
1732|雪山5|雪山5|雪山5|雪山5|
1734|火山1|火山1|火山1|火山1|
1736|火山2|火山2|火山2|火山2|
1738|火山3|火山3|火山3|火山3|
1740|火山4|火山4|火山4|火山4|
1742|火山5|火山5|火山5|火山5|
1303|大本营|大本营|大本营|大本营|
1305|金矿|金矿|金矿|金矿|
1307|能源站|能源站|能源站|能源站|
1309|农场|农场|农场|农场|
1311|剑士|剑士|剑士|剑士|
1313|短弓手|短弓手|短弓手|短弓手|
1315|壮汉|壮汉|壮汉|壮汉|
1317|斧头帮|斧头帮|斧头帮|斧头帮|
1319|卫兵|卫兵|卫兵|卫兵|
1321|长弓手|长弓手|长弓手|长弓手|
1323|矮人射手|矮人射手|矮人射手|矮人射手|
1325|牧师|牧师|牧师|牧师|
1327|火球术士|火球术士|火球术士|火球术士|
1329|雷电术士|雷电术士|雷电术士|雷电术士|
1331|巫师|巫师|巫师|巫师|
1333|风暴大师|风暴大师|风暴大师|风暴大师|
1335|宫廷剑客|宫廷剑客|宫廷剑客|宫廷剑客|
1337|僧侣|僧侣|僧侣|僧侣|
1339|药医|药医|药医|药医|
1341|狂战士|狂战士|狂战士|狂战士|
1343|魔剑士|魔剑士|魔剑士|魔剑士|
1345|军需官|军需官|军需官|军需官|
1347|沉默术士|沉默术士|沉默术士|沉默术士|
1349|教官|教官|教官|教官|
1351|导师|导师|导师|导师|
1353|大地术士|大地术士|大地术士|大地术士|
1355|冰霜术士|冰霜术士|冰霜术士|冰霜术士|
1357|熔岩大师|熔岩大师|熔岩大师|熔岩大师|
1359|战锤牧师|战锤牧师|战锤牧师|战锤牧师|
1361|城门守卫|城门守卫|城门守卫|城门守卫|
1363|钢铁卫兵|钢铁卫兵|钢铁卫兵|钢铁卫兵|
1365|苦行僧|苦行僧|苦行僧|苦行僧|
1367|暗精灵射手|暗精灵射手|暗精灵射手|暗精灵射手|
1369|野蛮人射手|野蛮人射手|野蛮人射手|野蛮人射手|
1371|高地射手|高地射手|高地射手|高地射手|
1373|神秘刺客|神秘刺客|神秘刺客|神秘刺客|
1375|赏金猎人|赏金猎人|赏金猎人|赏金猎人|
1377|带刀侍卫|带刀侍卫|带刀侍卫|带刀侍卫|
1501|金币挑战|金币挑战|金币挑战|金币挑战|
1503|能量挑战|能量挑战|能量挑战|能量挑战|
1505|装备挑战|装备挑战|装备挑战|装备挑战|
1521|僵尸|僵尸|僵尸|僵尸|
1523|马蜂|马蜂|马蜂|马蜂|
1525|高护甲|高护甲|高护甲|高护甲|
1527|高血量|高血量|高血量|高血量|
1529|远程物理|远程物理|远程物理|远程物理|
1531|高魔抗|高魔抗|高魔抗|高魔抗|
1533|远程魔法|远程魔法|远程魔法|远程魔法|
1535|闪避|闪避|闪避|闪避|
1537|自爆|自爆|自爆|自爆|
1539|反弹|反弹|反弹|反弹|
1541|毒皮|毒皮|毒皮|毒皮|
1543|反沉默|反沉默|反沉默|反沉默|
1545|减甲|减甲|减甲|减甲|
1547|南瓜|南瓜|南瓜|南瓜|
1701|草原1|草原1|草原1|草原1|
1703|草原2|草原2|草原2|草原2|
1705|草原3|草原3|草原3|草原3|
1707|森林1|森林1|森林1|森林1|
1709|森林2|森林2|森林2|森林2|
1711|森林3|森林3|森林3|森林3|
1713|森林4|森林4|森林4|森林4|
1715|沙漠1|沙漠1|沙漠1|沙漠1|
1717|沙漠2|沙漠2|沙漠2|沙漠2|
1719|沙漠3|沙漠3|沙漠3|沙漠3|
1721|沙漠4|沙漠4|沙漠4|沙漠4|
1723|沙漠5|沙漠5|沙漠5|沙漠5|
1725|雪山1|雪山1|雪山1|雪山1|
1727|雪山2|雪山2|雪山2|雪山2|
1729|雪山3|雪山3|雪山3|雪山3|
1731|雪山4|雪山4|雪山4|雪山4|
1733|雪山5|雪山5|雪山5|雪山5|
1735|火山1|火山1|火山1|火山1|
1737|火山2|火山2|火山2|火山2|
1739|火山3|火山3|火山3|火山3|
1741|火山4|火山4|火山4|火山4|
1743|火山5|火山5|火山5|火山5|
2002|草原1|草原1|草原1|草原1|
2004|草原2|草原2|草原2|草原2|
2006|草原3|草原3|草原3|草原3|
2008|森林1|森林1|森林1|森林1|
2010|森林2|森林2|森林2|森林2|
2012|森林3|森林3|森林3|森林3|
2014|森林4|森林4|森林4|森林4|
2016|沙漠1|沙漠1|沙漠1|沙漠1|
2018|沙漠2|沙漠2|沙漠2|沙漠2|
2020|沙漠3|沙漠3|沙漠3|沙漠3|
2022|沙漠4|沙漠4|沙漠4|沙漠4|
2024|沙漠5|沙漠5|沙漠5|沙漠5|
2026|雪山1|雪山1|雪山1|雪山1|
2028|雪山2|雪山2|雪山2|雪山2|
2030|雪山3|雪山3|雪山3|雪山3|
2032|雪山4|雪山4|雪山4|雪山4|
2034|雪山5|雪山5|雪山5|雪山5|
2036|火山1|火山1|火山1|火山1|
2038|火山2|火山2|火山2|火山2|
2040|火山3|火山3|火山3|火山3|
2042|火山4|火山4|火山4|火山4|
2044|火山5|火山5|火山5|火山5|
2046|火山6|火山6|火山6|火山6|
2003|草原1|草原1|草原1|草原1|
2005|草原2|草原2|草原2|草原2|
2007|草原3|草原3|草原3|草原3|
2009|森林1|森林1|森林1|森林1|
2011|森林2|森林2|森林2|森林2|
2013|森林3|森林3|森林3|森林3|
2015|森林4|森林4|森林4|森林4|
2017|沙漠1|沙漠1|沙漠1|沙漠1|
2019|沙漠2|沙漠2|沙漠2|沙漠2|
2021|沙漠3|沙漠3|沙漠3|沙漠3|
2023|沙漠4|沙漠4|沙漠4|沙漠4|
2025|沙漠5|沙漠5|沙漠5|沙漠5|
2027|雪山1|雪山1|雪山1|雪山1|
2029|雪山2|雪山2|雪山2|雪山2|
2031|雪山3|雪山3|雪山3|雪山3|
2033|雪山4|雪山4|雪山4|雪山4|
2035|雪山5|雪山5|雪山5|雪山5|
2037|火山1|火山1|火山1|火山1|
2039|火山2|火山2|火山2|火山2|
2041|火山3|火山3|火山3|火山3|
2043|火山4|火山4|火山4|火山4|
2045|火山5|火山5|火山5|火山5|
2047|火山6|火山6|火山6|火山6|
2202|木头宝箱|木头宝箱|木头宝箱|木头宝箱|
2204|白银宝箱|白银宝箱|白银宝箱|白银宝箱|
2206|黄金宝箱|黄金宝箱|黄金宝箱|黄金宝箱|
2208|钻石宝箱|钻石宝箱|钻石宝箱|钻石宝箱|
2210|豪华钻石宝箱|豪华钻石宝箱|豪华钻石宝箱|豪华钻石宝箱|
2212|史诗钻石宝箱|史诗钻石宝箱|史诗钻石宝箱|史诗钻石宝箱|
2203|普普通通的木制宝箱,能开到什么全凭运气|普普通通的木制宝箱,能开到什么全凭运气|普普通通的木制宝箱,能开到什么全凭运气|普普通通的木制宝箱,能开到什么全凭运气|
2205|用白银熔炼而成的宝箱,里面有不少好东西|用白银熔炼而成的宝箱,里面有不少好东西|用白银熔炼而成的宝箱,里面有不少好东西|用白银熔炼而成的宝箱,里面有不少好东西|
2207|金灿灿的华丽宝箱,看上一眼就让人着迷|金灿灿的华丽宝箱,看上一眼就让人着迷|金灿灿的华丽宝箱,看上一眼就让人着迷|金灿灿的华丽宝箱,看上一眼就让人着迷|
2209|充满神秘力量的宝箱,极其稀有|充满神秘力量的宝箱,极其稀有|充满神秘力量的宝箱,极其稀有|充满神秘力量的宝箱,极其稀有|
2211|充满神秘力量的宝箱,极其稀有|充满神秘力量的宝箱,极其稀有|充满神秘力量的宝箱,极其稀有|充满神秘力量的宝箱,极其稀有|
2213|充满神秘力量的宝箱,极其稀有|充满神秘力量的宝箱,极其稀有|充满神秘力量的宝箱,极其稀有|充满神秘力量的宝箱,极其稀有|
2302|坚韧头带|坚韧头带|坚韧头带|坚韧头带|
2304|贤者之石|贤者之石|贤者之石|贤者之石|
2306|虚空引擎|虚空引擎|虚空引擎|虚空引擎|
2308|魔能重锤|魔能重锤|魔能重锤|魔能重锤|
2310|剔骨刀|剔骨刀|剔骨刀|剔骨刀|
2312|秘术之刃|秘术之刃|秘术之刃|秘术之刃|
2314|冰封长剑|冰封长剑|冰封长剑|冰封长剑|
2316|治愈长袍|治愈长袍|治愈长袍|治愈长袍|
2318|荆棘铠甲|荆棘铠甲|荆棘铠甲|荆棘铠甲|
2320|加速手套|加速手套|加速手套|加速手套|
2322|破甲锤|破甲锤|破甲锤|破甲锤|
2324|掠夺之斧|掠夺之斧|掠夺之斧|掠夺之斧|
2326|游侠披风|游侠披风|游侠披风|游侠披风|
2328|战神弩|战神弩|战神弩|战神弩|
2330|月光神杖|月光神杖|月光神杖|月光神杖|
2332|秘法圣典|秘法圣典|秘法圣典|秘法圣典|
2334|星火神剑|星火神剑|星火神剑|星火神剑|
2336|虚空神剑|虚空神剑|虚空神剑|虚空神剑|
2338|回复指环|回复指环|回复指环|回复指环|
2340|深蓝法杖|深蓝法杖|深蓝法杖|深蓝法杖|
2342|幽魂斗篷|幽魂斗篷|幽魂斗篷|幽魂斗篷|
2344|林中长弓|林中长弓|林中长弓|林中长弓|
2346|抗魔斗篷|抗魔斗篷|抗魔斗篷|抗魔斗篷|
2348|烈焰石|烈焰石|烈焰石|烈焰石|
2350|炼金药剂|炼金药剂|炼金药剂|炼金药剂|
2352|避雷针|避雷针|避雷针|避雷针|
2354|避水珠|避水珠|避水珠|避水珠|
2356|寒铁箭头|寒铁箭头|寒铁箭头|寒铁箭头|
2358|冥界法典|冥界法典|冥界法典|冥界法典|
2360|冰封魔杖|冰封魔杖|冰封魔杖|冰封魔杖|
2362|双叶指环|双叶指环|双叶指环|双叶指环|
2364|地狱魔典|地狱魔典|地狱魔典|地狱魔典|
2366|雷霆项链|雷霆项链|雷霆项链|雷霆项链|
2368|深海泉水|深海泉水|深海泉水|深海泉水|
2370|混乱树藤|混乱树藤|混乱树藤|混乱树藤|
2372|毒素长剑|毒素长剑|毒素长剑|毒素长剑|
2303|受到的伤害不会超过{0}最大生命值|受到的伤害不会超过{0}最大生命值|受到的伤害不会超过{0}最大生命值|受到的伤害不会超过{0}最大生命值|
2305|每3秒获得{0}枚金币|每3秒获得{0}枚金币|每3秒获得{0}枚金币|每3秒获得{0}枚金币|
2307|每5秒获得{0}点能量|每5秒获得{0}点能量|每5秒获得{0}点能量|每5秒获得{0}点能量|
2309|10%概率造成{0}魔法伤害并晕眩1秒，冷却1.5秒（装备单位是近战时则增加10%的概率）|17%/10%概率造成{0}魔法伤害并晕眩1秒，冷却1.5秒|17%/10%概率造成{0}魔法伤害并晕眩1秒，冷却1.5秒|17%/10%概率造成{0}魔法伤害并晕眩1秒，冷却1.5秒|
2311|造成伤害时降低目标{0}点护甲，持续5秒|造成伤害时降低目标{0}点护甲，持续5秒|造成伤害时降低目标{0}点护甲，持续5秒|造成伤害时降低目标{0}点护甲，持续5秒|
2313|造成伤害时降低目标{0}点魔抗，持续5秒|造成伤害时降低目标{0}点魔抗，持续5秒|造成伤害时降低目标{0}点魔抗，持续5秒|造成伤害时降低目标{0}点魔抗，持续5秒|
2315|提高{0}物理暴击率|提高{0}物理暴击率|提高{0}物理暴击率|提高{0}物理暴击率|
2317|提高{0}治疗效果|提高{0}治疗效果|提高{0}治疗效果|提高{0}治疗效果|
2319|反弹{0}受到的伤害|反弹{0}受到的伤害|反弹{0}受到的伤害|反弹{0}受到的伤害|
2321|提高{0}攻速|提高{0}攻速|提高{0}攻速|提高{0}攻速|
2323|造成伤害时40%概率无视目标{0}护甲|造成伤害时40%概率无视目标{0}护甲|造成伤害时40%概率无视目标{0}护甲|造成伤害时40%概率无视目标{0}护甲|
2325|击杀目标时额外获得{0}枚金币|击杀目标时额外获得{0}枚金币|击杀目标时额外获得{0}枚金币|击杀目标时额外获得{0}枚金币|
2327|提高{0}暴击抗性|提高{0}暴击抗性|提高{0}暴击抗性|提高{0}暴击抗性|
2329|提高{0}物理暴击伤害|提高{0}物理暴击伤害|提高{0}物理暴击伤害|提高{0}物理暴击伤害|
2331|提高{0}法术暴击率|提高{0}法术暴击率|提高{0}法术暴击率|提高{0}法术暴击率|
2333|提高{0}法术暴击伤害|提高{0}法术暴击伤害|提高{0}法术暴击伤害|提高{0}法术暴击伤害|
2335|提高{0}物理攻击加成|提高{0}物理攻击加成|提高{0}物理攻击加成|提高{0}物理攻击加成|
2337|提高{0}魔法攻击加成|提高{0}魔法攻击加成|提高{0}魔法攻击加成|提高{0}魔法攻击加成|
2339|提高{0}受治疗效果|提高{0}受治疗效果|提高{0}受治疗效果|提高{0}受治疗效果|
2341|造成伤害时40%概率无视目标{0}魔抗|造成伤害时40%概率无视目标{0}魔抗|造成伤害时40%概率无视目标{0}魔抗|造成伤害时40%概率无视目标{0}魔抗|
2343|遭到远程攻击时{0}概率提高100%闪避概率|遭到远程攻击时{0}概率提高100%闪避概率|遭到远程攻击时{0}概率提高100%闪避概率|遭到远程攻击时{0}概率提高100%闪避概率|
2345|远程携带时攻击距离增加{0}（装备单位是法师时则不会增加攻击距离）|远程携带时攻击距离提高{0}|远程携带时攻击距离提高{0}|远程携带时攻击距离提高{0}|
2347|提高{0}法术暴击抗性|提高{0}法术暴击抗性|提高{0}法术暴击抗性|提高{0}法术暴击抗性|
2349|提高{0}燃烧抗性|提高{0}燃烧抗性|提高{0}燃烧抗性|提高{0}燃烧抗性|
2351|提高{0}中毒抗性|提高{0}中毒抗性|提高{0}中毒抗性|提高{0}中毒抗性|
2353|提高{0}麻痹抗性|提高{0}麻痹抗性|提高{0}麻痹抗性|提高{0}麻痹抗性|
2355|提高{0}潮湿抗性|提高{0}潮湿抗性|提高{0}潮湿抗性|提高{0}潮湿抗性|
2357|提高{0}命中率|提高{0}命中率|提高{0}命中率|提高{0}命中率|
2359|释放技能时随机降低{0}名敌人20%双攻，持续7秒，冷却3秒|释放技能时随机降低{0}名敌人20%双攻，持续7秒，冷却3秒|释放技能时随机降低{0}名敌人20%双攻，持续7秒，冷却3秒|释放技能时随机降低{0}名敌人20%双攻，持续7秒，冷却3秒|
2361|释放技能时随机冻结{0}名敌人，持续2秒，冷却3秒|释放技能时随机冻结{0}名敌人，持续2秒，冷却3秒|释放技能时随机冻结{0}名敌人，持续2秒，冷却3秒|释放技能时随机冻结{0}名敌人，持续2秒，冷却3秒|
2363|治疗友军时{0}概率对另外一名友军造成100%效果|治疗友军时{0}概率对另外一名友军造成100%效果|治疗友军时{0}概率对另外一名友军造成100%效果|治疗友军时{0}概率对另外一名友军造成100%效果|
2365|释放技能时随机对{0}名敌人造成35%魔攻的燃烧效果，持续5秒，冷却3秒|释放技能时随机对{0}名敌人造成35%魔攻的燃烧效果，持续5秒，冷却3秒|释放技能时随机对{0}名敌人造成35%魔攻的燃烧效果，持续5秒，冷却3秒|释放技能时随机对{0}名敌人造成35%魔攻的燃烧效果，持续5秒，冷却3秒|
2367|释放技能时随机对{0}名敌人造成35%魔攻的电击效果，持续5秒，冷却3秒|释放技能时随机对{0}名敌人造成35%魔攻的电击效果，持续5秒，冷却3秒|释放技能时随机对{0}名敌人造成35%魔攻的电击效果，持续5秒，冷却3秒|释放技能时随机对{0}名敌人造成35%魔攻的电击效果，持续5秒，冷却3秒|
2369|释放技能时随机对{0}名敌人造成潮湿效果，持续5秒，冷却3秒|释放技能时随机对{0}名敌人造成潮湿效果，持续5秒，冷却3秒|释放技能时随机对{0}名敌人造成潮湿效果，持续5秒，冷却3秒|释放技能时随机对{0}名敌人造成潮湿效果，持续5秒，冷却3秒|
2371|普攻17%概率对目标造成缠绕效果，持续{0}秒，冷却3秒|普攻17%概率对目标造成缠绕效果，持续{0}秒，冷却3秒|普攻17%概率对目标造成缠绕效果，持续{0}秒，冷却3秒|普攻17%概率对目标造成缠绕效果，持续{0}秒，冷却3秒|
2373|普攻17%概率对目标造成{0}魔攻的毒素效果，持续5秒，冷却3秒|普攻17%概率对目标造成{0}魔攻的毒素效果，持续5秒，冷却3秒|普攻17%概率对目标造成{0}魔攻的毒素效果，持续5秒，冷却3秒|普攻17%概率对目标造成{0}魔攻的毒素效果，持续5秒，冷却3秒|
2602|近战|近战|近战|近战|
2604|远程|远程|远程|远程|
2606|常规治疗|常规治疗|常规治疗|常规治疗|
2608|税收|税收|税收|税收|
2610|挖掘金币|挖掘金币|挖掘金币|挖掘金币|
2612|能力萃取|能力萃取|能力萃取|能力萃取|
2614|种植粮食|种植粮食|种植粮食|种植粮食|
2616|顺劈|顺劈|顺劈|顺劈|
2618|连射|连射|连射|连射|
2620|体魄强健|体魄强健|体魄强健|体魄强健|
2622|重击|重击|重击|重击|
2624|板甲精通|板甲精通|板甲精通|板甲精通|
2626|散射|散射|散射|散射|
2628|附魔射击|附魔射击|附魔射击|附魔射击|
2630|强化治疗|强化治疗|强化治疗|强化治疗|
2632|火球术|火球术|火球术|火球术|
2634|雷击|雷击|雷击|雷击|
2636|暗言术|暗言术|暗言术|暗言术|
2638|风暴|风暴|风暴|风暴|
2640|必杀一击|必杀一击|必杀一击|必杀一击|
2642|净化治疗|净化治疗|净化治疗|净化治疗|
2644|勇气附加|勇气附加|勇气附加|勇气附加|
2646|愤怒打击|愤怒打击|愤怒打击|愤怒打击|
2648|附魔之刃|附魔之刃|附魔之刃|附魔之刃|
2650|鼓舞|鼓舞|鼓舞|鼓舞|
2652|魔典钻研|魔典钻研|魔典钻研|魔典钻研|
2654|战场指导|战场指导|战场指导|战场指导|
2656|魔力增幅|魔力增幅|魔力增幅|魔力增幅|
2658|大地之怒|大地之怒|大地之怒|大地之怒|
2660|霜雪漫天|霜雪漫天|霜雪漫天|霜雪漫天|
2662|陨石撞击|陨石撞击|陨石撞击|陨石撞击|
2664|生命护盾|生命护盾|生命护盾|生命护盾|
2666|救赎|救赎|救赎|救赎|
2668|坚毅|坚毅|坚毅|坚毅|
2670|活力|活力|活力|活力|
2672|穿刺射击|穿刺射击|穿刺射击|穿刺射击|
2674|爆裂射击|爆裂射击|爆裂射击|爆裂射击|
2676|分裂箭|分裂箭|分裂箭|分裂箭|
2678|灵魂打击|灵魂打击|灵魂打击|灵魂打击|
2680|偷窃|偷窃|偷窃|偷窃|
2682|聚气|聚气|聚气|聚气|
2603|无|无|无|无|
2605|无|无|无|无|
2607|无|无|无|无|
2609|来自主城的税收使你每秒获得<color=green>等级</color>*{0}/{1}/{2}枚金币|来自主城的税收使你每秒获得<color=green>等级</color>*{0}/{1}/{2}枚金币|来自主城的税收使你每秒获得<color=green>等级</color>*{0}/{1}/{2}枚金币|来自主城的税收使你每秒获得<color=green>等级</color>*{0}/{1}/{2}枚金币|
2611|矿工们每秒产出<color=green>等级</color>*{0}/{1}/{2}枚金币|矿工们每秒产出<color=green>等级</color>*{0}/{1}/{2}枚金币|矿工们每秒产出<color=green>等级</color>*{0}/{1}/{2}枚金币|矿工们每秒产出<color=green>等级</color>*{0}/{1}/{2}枚金币|
2613|一种神秘的装置每秒从虚空中萃取<color=green>等级</color>*{0}/{1}/{2}点能量|一种神秘的装置每秒从虚空中萃取<color=green>等级</color>*{0}/{1}/{2}点能量|一种神秘的装置每秒从虚空中萃取<color=green>等级</color>*{0}/{1}/{2}点能量|一种神秘的装置每秒从虚空中萃取<color=green>等级</color>*{0}/{1}/{2}点能量|
2615|农场可以提供<color=green>2+等级/3</color>个人口(向下取整),最多建造5个|农场可以提供<color=green>2+等级/3</color>个人口(向下取整),最多建造5个|农场可以提供<color=green>2+等级/3</color>个人口(向下取整),最多建造5个|农场可以提供<color=green>2+等级/3</color>个人口(向下取整),最多建造5个|
2617|15%概率对前方扇形敌人造成{0}/{1}/{2}物理伤害|15%概率对前方扇形敌人造成{0}/{1}/{2}物理伤害|15%概率对前方扇形敌人造成{0}/{1}/{2}物理伤害|15%概率对前方扇形敌人造成{0}/{1}/{2}物理伤害|
2619|15%概率连续射击{0}/{1}/{2}次|15%概率连续射击{0}/{1}/{2}次|15%概率连续射击{0}/{1}/{2}次|15%概率连续射击{0}/{1}/{2}次|
2621|最大生命值提高{0}/{1}/{2}|最大生命值提高{0}/{1}/{2}|最大生命值提高{0}/{1}/{2}|最大生命值提高{0}/{1}/{2}|
2623|15%概率造成{0}/{1}/{2}物理伤害并晕眩目标2秒|15%概率造成{0}/{1}/{2}物理伤害并晕眩目标2秒|15%概率造成{0}/{1}/{2}物理伤害并晕眩目标2秒|15%概率造成{0}/{1}/{2}物理伤害并晕眩目标2秒|
2625|护甲提高{0}/{1}/{2}|护甲提高{0}/{1}/{2}|护甲提高{0}/{1}/{2}|护甲提高{0}/{1}/{2}|
2627|每攻击{0}/{1}/{2}次，下一次额外攻击3个目标|每攻击{0}/{1}/{2}次，下一次额外攻击3个目标|每攻击{0}/{1}/{2}次，下一次额外攻击3个目标|每攻击{0}/{1}/{2}次，下一次额外攻击3个目标|
2629|普攻附带{0}/{1}/{2}魔法伤害|普攻附带{0}/{1}/{2}魔法伤害|普攻附带{0}/{1}/{2}魔法伤害|普攻附带{0}/{1}/{2}魔法伤害|
2631|治疗量提高{0}/{1}/{2}|治疗量提高{0}/{1}/{2}|治疗量提高{0}/{1}/{2}|治疗量提高{0}/{1}/{2}|
2633|释放火球对目标范围造成{0}/{1}/{2}魔法伤害|释放火球对目标范围造成{0}/{1}/{2}魔法伤害|释放火球对目标范围造成{0}/{1}/{2}魔法伤害|释放火球对目标范围造成{0}/{1}/{2}魔法伤害|
2635|对目标造成{0}/{1}/{2}魔法伤害并晕眩1秒|对目标造成{0}/{1}/{2}魔法伤害并晕眩1秒|对目标造成{0}/{1}/{2}魔法伤害并晕眩1秒|对目标造成{0}/{1}/{2}魔法伤害并晕眩1秒|
2637|对{0}/{1}/{2}个目标施加暗言术，5秒内双攻下降25%|对{0}/{1}/{2}个目标施加暗言术，5秒内双攻下降25%|对{0}/{1}/{2}个目标施加暗言术，5秒内双攻下降25%|对{0}/{1}/{2}个目标施加暗言术，5秒内双攻下降25%|
2639|每秒对目标范围造成{0}/{1}/{2}魔法伤害，持续5秒|每秒对目标范围造成{0}/{1}/{2}魔法伤害，持续5秒|每秒对目标范围造成{0}/{1}/{2}魔法伤害，持续5秒|每秒对目标范围造成{0}/{1}/{2}魔法伤害，持续5秒|
2641|每攻击4次，下一次对目标造成{0}/{1}/{2}物理伤害并忽视50%护甲|每攻击4次，下一次对目标造成{0}/{1}/{2}物理伤害并忽视50%护甲|每攻击4次，下一次对目标造成{0}/{1}/{2}物理伤害并忽视50%护甲|每攻击4次，下一次对目标造成{0}/{1}/{2}物理伤害并忽视50%护甲|
2643|每治疗{0}/{1}/{2}次，下一次将驱散一名友军身上的负面效果|每治疗{0}/{1}/{2}次，下一次将驱散一名友军身上的负面效果|每治疗{0}/{1}/{2}次，下一次将驱散一名友军身上的负面效果|每治疗{0}/{1}/{2}次，下一次将驱散一名友军身上的负面效果|
2645|每隔6秒，下一次治疗造成双倍效果并在5秒内提高目标{0}/{1}/{2}双抗|每隔6秒，下一次治疗造成双倍效果并在5秒内提高目标{0}/{1}/{2}双抗|每隔6秒，下一次治疗造成双倍效果并在5秒内提高目标{0}/{1}/{2}双抗|每隔6秒，下一次治疗造成双倍效果并在5秒内提高目标{0}/{1}/{2}双抗|
2647|对目标造成250%物理伤害，{0}/{1}/{2}概率重复触发，最高5次|对目标造成250%物理伤害，{0}/{1}/{2}概率重复触发，最高5次|对目标造成250%物理伤害，{0}/{1}/{2}概率重复触发，最高5次|对目标造成250%物理伤害，{0}/{1}/{2}概率重复触发，最高5次|
2649|提高100攻击距离，并使接下来的{0}/{1}/{2}次攻击造成80%溅射魔法伤害|提高100攻击距离，并使接下来的{0}/{1}/{2}次攻击造成80%溅射魔法伤害|提高100攻击距离，并使接下来的{0}/{1}/{2}次攻击造成80%溅射魔法伤害|提高100攻击距离，并使接下来的{0}/{1}/{2}次攻击造成80%溅射魔法伤害|
2651|鼓舞{0}/{1}/{2}名友军，在8秒内提高30%双攻|鼓舞{0}/{1}/{2}名友军，在8秒内提高30%双攻|鼓舞{0}/{1}/{2}名友军，在8秒内提高30%双攻|鼓舞{0}/{1}/{2}名友军，在8秒内提高30%双攻|
2653|为4米范围内的友军提供{0}/{1}/{2}冷却缩减|为400范围内的友军提供{0}/{1}/{2}冷却缩减|为400范围内的友军提供{0}/{1}/{2}冷却缩减|为400范围内的友军提供{0}/{1}/{2}冷却缩减|
2655|为4米范围内的友军提供{0}/{1}/{2}攻击加成|为400范围内的友军提供{0}/{1}/{2}攻击加成|为400范围内的友军提供{0}/{1}/{2}攻击加成|为400范围内的友军提供{0}/{1}/{2}攻击加成|
2657|为4米范围内的友军提供{0}/{1}/{2}法术加成|为400范围内的友军提供{0}/{1}/{2}法术加成|为400范围内的友军提供{0}/{1}/{2}法术加成|为400范围内的友军提供{0}/{1}/{2}法术加成|
2659|对目标范围造成{0}/{1}/{2}魔法伤害并晕眩2秒|对目标范围造成{0}/{1}/{2}魔法伤害并晕眩2秒|对目标范围造成{0}/{1}/{2}魔法伤害并晕眩2秒|对目标范围造成{0}/{1}/{2}魔法伤害并晕眩2秒|
2661|对目标造成{0}/{1}/{2}魔法伤害并冻结3秒|对目标造成{0}/{1}/{2}魔法伤害并冻结3秒|对目标造成{0}/{1}/{2}魔法伤害并冻结3秒|对目标造成{0}/{1}/{2}魔法伤害并冻结3秒|
2663|召唤陨石，对目标范围造成{0}/{1}/{2}魔法伤害|召唤陨石，对目标范围造成{0}/{1}/{2}魔法伤害|召唤陨石，对目标范围造成{0}/{1}/{2}魔法伤害|召唤陨石，对目标范围造成{0}/{1}/{2}魔法伤害|
2665|为自己创建一个{0}/{1}/{2}的护盾，持续10秒|为自己创建一个{0}/{1}/{2}的护盾，持续10秒|为自己创建一个{0}/{1}/{2}的护盾，持续10秒|为自己创建一个{0}/{1}/{2}的护盾，持续10秒|
2667|生命值低于30%时触发恢复效果，5秒内恢复{0}/{1}/{2}最大生命值，冷却20秒|生命值低于30%时触发恢复效果，5秒内恢复{0}/{1}/{2}最大生命值，冷却20秒|生命值低于30%时触发恢复效果，5秒内恢复{0}/{1}/{2}最大生命值，冷却20秒|生命值低于30%时触发恢复效果，5秒内恢复{0}/{1}/{2}最大生命值，冷却20秒|
2669|降低{0}/{1}/{2}受到的物理伤害，累计受伤达到10%时驱散负面效果|降低5%/10%/15%受到的物理伤害，累计受伤达到10%时驱散负面效果|降低5%/10%/15%受到的物理伤害，累计受伤达到10%时驱散负面效果|降低5%/10%/15%受到的物理伤害，累计受伤达到10%时驱散负面效果|
2671|受到的治疗和恢复效果提高{0}/{1}/{2}|受到的治疗和恢复效果提高{0}/{1}/{2}|受到的治疗和恢复效果提高{0}/{1}/{2}|受到的治疗和恢复效果提高{0}/{1}/{2}|
2673|每攻击{0}/{1}/{2}次，下一次对直线造成200%物理伤害|每攻击{0}/{1}/{2}次，下一次对直线造成200%物理伤害|每攻击{0}/{1}/{2}次，下一次对直线造成200%物理伤害|每攻击{0}/{1}/{2}次，下一次对直线造成200%物理伤害|
2675|每隔7秒，下一次攻击对目标范围造成{0}/{1}/{2}物理伤害|每隔7秒，下一次攻击对目标范围造成{0}/{1}/{2}物理伤害|每隔7秒，下一次攻击对目标范围造成{0}/{1}/{2}物理伤害|每隔7秒，下一次攻击对目标范围造成{0}/{1}/{2}物理伤害|
2677|普攻额外攻击{0}/{1}/{2}个单位，造成50%物理伤害|普攻额外攻击{0}/{1}/{2}个单位，造成50%物理伤害|普攻额外攻击{0}/{1}/{2}个单位，造成50%物理伤害|普攻额外攻击{0}/{1}/{2}个单位，造成50%物理伤害|
2679|暴击率提高{0}/{1}/{2}，暴击时造成目标10%最大生命值物理伤害，不超过150%攻击|暴击率提高{0}/{1}/{2}，暴击时造成目标10%最大生命值物理伤害，不超过150%攻击|暴击率提高{0}/{1}/{2}，暴击时造成目标10%最大生命值物理伤害，不超过150%攻击|暴击率提高{0}/{1}/{2}，暴击时造成目标10%最大生命值物理伤害，不超过150%攻击|
2681|普攻15%概率偷取{0}/{1}/{2}枚金币|普攻15%概率偷取{0}/{1}/{2}枚金币|普攻15%概率偷取{0}/{1}/{2}枚金币|普攻15%概率偷取{0}/{1}/{2}枚金币|
2683|每隔{0}/{1}/{2}秒，下一次攻击必定暴击|每隔{0}/{1}/{2}秒，下一次攻击必定暴击|每隔{0}/{1}/{2}秒，下一次攻击必定暴击|每隔{0}/{1}/{2}秒，下一次攻击必定暴击|
3002|改善伙食-阶段1|改善伙食-阶段1|改善伙食-阶段1|改善伙食-阶段1|
3003|提高所有单位{0}点生命值|提高所有单位{0}点生命值|提高所有单位{0}点生命值|提高所有单位{0}点生命值|
3004|改善伙食-阶段2|改善伙食-阶段2|改善伙食-阶段2|改善伙食-阶段2|
3005|提高所有单位{0}点生命值|提高所有单位{0}点生命值|提高所有单位{0}点生命值|提高所有单位{0}点生命值|
3006|改善伙食-阶段3|改善伙食-阶段3|改善伙食-阶段3|改善伙食-阶段3|
3007|提高所有单位{0}点生命值|提高所有单位{0}点生命值|提高所有单位{0}点生命值|提高所有单位{0}点生命值|
3008|裁缝术-阶段1|裁缝术-阶段1|裁缝术-阶段1|裁缝术-阶段1|
3009|提高所有单位{0}点护甲|提高所有单位{0}点护甲|提高所有单位{0}点护甲|提高所有单位{0}点护甲|
3010|裁缝术-阶段2|裁缝术-阶段2|裁缝术-阶段2|裁缝术-阶段2|
3011|提高所有单位{0}点护甲|提高所有单位{0}点护甲|提高所有单位{0}点护甲|提高所有单位{0}点护甲|
3012|裁缝术-阶段3|裁缝术-阶段3|裁缝术-阶段3|裁缝术-阶段3|
3013|提高所有单位{0}点护甲|提高所有单位{0}点护甲|提高所有单位{0}点护甲|提高所有单位{0}点护甲|
3014|秘术裁缝-阶段1|秘术裁缝-阶段1|秘术裁缝-阶段1|秘术裁缝-阶段1|
3015|提高所有单位{0}点魔抗|提高所有单位{0}点魔抗|提高所有单位{0}点魔抗|提高所有单位{0}点魔抗|
3016|秘术裁缝-阶段2|秘术裁缝-阶段2|秘术裁缝-阶段2|秘术裁缝-阶段2|
3017|提高所有单位{0}点魔抗|提高所有单位{0}点魔抗|提高所有单位{0}点魔抗|提高所有单位{0}点魔抗|
3018|秘术裁缝-阶段3|秘术裁缝-阶段3|秘术裁缝-阶段3|秘术裁缝-阶段3|
3019|提高所有单位{0}点魔抗|提高所有单位{0}点魔抗|提高所有单位{0}点魔抗|提高所有单位{0}点魔抗|
3020|健体术-阶段1|健体术-阶段1|健体术-阶段1|健体术-阶段1|
3021|提高所有肉盾单位{0}点生命值|提高所有肉盾单位{0}点生命值|提高所有肉盾单位{0}点生命值|提高所有肉盾单位{0}点生命值|
3022|健体术-阶段2|健体术-阶段2|健体术-阶段2|健体术-阶段2|
3023|提高所有肉盾单位{0}点生命值|提高所有肉盾单位{0}点生命值|提高所有肉盾单位{0}点生命值|提高所有肉盾单位{0}点生命值|
3024|健体术-阶段3|健体术-阶段3|健体术-阶段3|健体术-阶段3|
3025|提高所有肉盾单位{0}点生命值|提高所有肉盾单位{0}点生命值|提高所有肉盾单位{0}点生命值|提高所有肉盾单位{0}点生命值|
3026|铠甲精通-阶段1|铠甲精通-阶段1|铠甲精通-阶段1|铠甲精通-阶段1|
3027|提高所有肉盾单位{0}点护甲|提高所有肉盾单位{0}点护甲|提高所有肉盾单位{0}点护甲|提高所有肉盾单位{0}点护甲|
3028|铠甲精通-阶段2|铠甲精通-阶段2|铠甲精通-阶段2|铠甲精通-阶段2|
3029|提高所有肉盾单位{0}点护甲|提高所有肉盾单位{0}点护甲|提高所有肉盾单位{0}点护甲|提高所有肉盾单位{0}点护甲|
3030|铠甲精通-阶段3|铠甲精通-阶段3|铠甲精通-阶段3|铠甲精通-阶段3|
3031|提高所有肉盾单位{0}点护甲|提高所有肉盾单位{0}点护甲|提高所有肉盾单位{0}点护甲|提高所有肉盾单位{0}点护甲|
3032|抗魔术-阶段1|抗魔术-阶段1|抗魔术-阶段1|抗魔术-阶段1|
3033|提高所有肉盾单位{0}点魔抗|提高所有肉盾单位{0}点魔抗|提高所有肉盾单位{0}点魔抗|提高所有肉盾单位{0}点魔抗|
3034|抗魔术-阶段2|抗魔术-阶段2|抗魔术-阶段2|抗魔术-阶段2|
3035|提高所有肉盾单位{0}点魔抗|提高所有肉盾单位{0}点魔抗|提高所有肉盾单位{0}点魔抗|提高所有肉盾单位{0}点魔抗|
3036|抗魔术-阶段3|抗魔术-阶段3|抗魔术-阶段3|抗魔术-阶段3|
3037|提高所有肉盾单位{0}点魔抗|提高所有肉盾单位{0}点魔抗|提高所有肉盾单位{0}点魔抗|提高所有肉盾单位{0}点魔抗|
3038|铸剑术-阶段1|铸剑术-阶段1|铸剑术-阶段1|铸剑术-阶段1|
3039|提高所有近战单位{0}点物理攻击|提高所有近战单位{0}点物理攻击|提高所有近战单位{0}点物理攻击|提高所有近战单位{0}点物理攻击|
3040|铸剑术-阶段2|铸剑术-阶段2|铸剑术-阶段2|铸剑术-阶段2|
3041|提高所有近战单位{0}点物理攻击|提高所有近战单位{0}点物理攻击|提高所有近战单位{0}点物理攻击|提高所有近战单位{0}点物理攻击|
3042|铸剑术-阶段3|铸剑术-阶段3|铸剑术-阶段3|铸剑术-阶段3|
3043|提高所有近战单位{0}点物理攻击|提高所有近战单位{0}点物理攻击|提高所有近战单位{0}点物理攻击|提高所有近战单位{0}点物理攻击|
3044|拉弓术-阶段1|拉弓术-阶段1|拉弓术-阶段1|拉弓术-阶段1|
3045|提高所有射手单位{0}点物理攻击|提高所有射手单位{0}点物理攻击|提高所有射手单位{0}点物理攻击|提高所有射手单位{0}点物理攻击|
3046|拉弓术-阶段2|拉弓术-阶段2|拉弓术-阶段2|拉弓术-阶段2|
3047|提高所有射手单位{0}点物理攻击|提高所有射手单位{0}点物理攻击|提高所有射手单位{0}点物理攻击|提高所有射手单位{0}点物理攻击|
3048|拉弓术-阶段3|拉弓术-阶段3|拉弓术-阶段3|拉弓术-阶段3|
3049|提高所有射手单位{0}点物理攻击|提高所有射手单位{0}点物理攻击|提高所有射手单位{0}点物理攻击|提高所有射手单位{0}点物理攻击|
3050|魔能萃取-阶段1|魔能萃取-阶段1|魔能萃取-阶段1|魔能萃取-阶段1|
3051|提高所有法师单位{0}点魔法攻击|提高所有法师单位{0}点魔法攻击|提高所有法师单位{0}点魔法攻击|提高所有法师单位{0}点魔法攻击|
3052|魔能萃取-阶段2|魔能萃取-阶段2|魔能萃取-阶段2|魔能萃取-阶段2|
3053|提高所有法师单位{0}点魔法攻击|提高所有法师单位{0}点魔法攻击|提高所有法师单位{0}点魔法攻击|提高所有法师单位{0}点魔法攻击|
3054|魔能萃取-阶段3|魔能萃取-阶段3|魔能萃取-阶段3|魔能萃取-阶段3|
3055|提高所有法师单位{0}点魔法攻击|提高所有法师单位{0}点魔法攻击|提高所有法师单位{0}点魔法攻击|提高所有法师单位{0}点魔法攻击|
3056|医疗培训-阶段1|医疗培训-阶段1|医疗培训-阶段1|医疗培训-阶段1|
3057|提高所有治疗单位{0}点治疗强度|提高所有治疗单位{0}点治疗强度|提高所有治疗单位{0}点治疗强度|提高所有治疗单位{0}点治疗强度|
3058|医疗培训-阶段2|医疗培训-阶段2|医疗培训-阶段2|医疗培训-阶段2|
3059|提高所有治疗单位{0}点治疗强度|提高所有治疗单位{0}点治疗强度|提高所有治疗单位{0}点治疗强度|提高所有治疗单位{0}点治疗强度|
3060|医疗培训-阶段3|医疗培训-阶段3|医疗培训-阶段3|医疗培训-阶段3|
3061|提高所有治疗单位{0}点治疗强度|提高所有治疗单位{0}点治疗强度|提高所有治疗单位{0}点治疗强度|提高所有治疗单位{0}点治疗强度|
3302|银币|银币|银币|银币|
3304|银币|银币|银币|银币|
3306|银币|银币|银币|银币|
3308|钻石|钻石|钻石|钻石|
3310|钻石|钻石|钻石|钻石|
3312|钻石|钻石|钻石|钻石|
3402|最重要的核心建筑|最重要的核心建筑|最重要的核心建筑|最重要的核心建筑|
3404|每秒产出金币|每秒产出金币|每秒产出金币|每秒产出金币|
3406|每秒产出能量|每秒产出能量|每秒产出能量|每秒产出能量|
3408|提供人口|提供人口|提供人口|提供人口|
3410|概率造成范围伤害|概率造成范围伤害|概率造成范围伤害|概率造成范围伤害|
3412|概率触发连续射击|概率触发连续射击|概率触发连续射击|概率触发连续射击|
3414|拥有额外的生命值加成|拥有额外的生命值加成|拥有额外的生命值加成|拥有额外的生命值加成|
3416|概率造成晕眩|概率造成晕眩|概率造成晕眩|概率造成晕眩|
3418|拥有额外的护甲加成|拥有额外的护甲加成|拥有额外的护甲加成|拥有额外的护甲加成|
3420|能触发散射攻击多个敌人|能触发散射攻击多个敌人|能触发散射攻击多个敌人|能触发散射攻击多个敌人|
3422|普攻附带魔法伤害|普攻附带魔法伤害|普攻附带魔法伤害|普攻附带魔法伤害|
3424|提供强力的治疗效果|提供强力的治疗效果|提供强力的治疗效果|提供强力的治疗效果|
3426|释放魔法造成范围伤害|释放魔法造成范围伤害|释放魔法造成范围伤害|释放魔法造成范围伤害|
3428|施加单体伤害和晕眩|施加单体伤害和晕眩|施加单体伤害和晕眩|施加单体伤害和晕眩|
3430|降低敌人的伤害|降低敌人的伤害|降低敌人的伤害|降低敌人的伤害|
3432|持续性的范围伤害|持续性的范围伤害|持续性的范围伤害|持续性的范围伤害|
3434|高额的单体破甲伤害|高额的单体破甲伤害|高额的单体破甲伤害|高额的单体破甲伤害|
3436|能够驱散负面效果|能够驱散负面效果|能够驱散负面效果|能够驱散负面效果|
3438|触发双倍治疗提高双抗|触发双倍治疗提高双抗|触发双倍治疗提高双抗|触发双倍治疗提高双抗|
3440|欧皇专用单体输出|欧皇专用单体输出|欧皇专用单体输出|欧皇专用单体输出|
3442|可以造成溅射伤害|可以造成溅射伤害|可以造成溅射伤害|可以造成溅射伤害|
3444|增强友军的输出能力|增强友军的输出能力|增强友军的输出能力|增强友军的输出能力|
3446|为友军提供冷却缩减|为友军提供冷却缩减|为友军提供冷却缩减|为友军提供冷却缩减|
3448|为友军提供攻击加成|为友军提供攻击加成|为友军提供攻击加成|为友军提供攻击加成|
3450|为友军提供法术加成|为友军提供法术加成|为友军提供法术加成|为友军提供法术加成|
3452|范围伤害和群体晕眩|范围伤害和群体晕眩|范围伤害和群体晕眩|范围伤害和群体晕眩|
3454|单体伤害和单体冻结|单体伤害和单体冻结|单体伤害和单体冻结|单体伤害和单体冻结|
3456|高额的范围魔法伤害|高额的范围魔法伤害|高额的范围魔法伤害|高额的范围魔法伤害|
3458|根据生命值制造护盾|根据生命值制造护盾|根据生命值制造护盾|根据生命值制造护盾|
3460|血量濒危时自动回血|血量濒危时自动回血|血量濒危时自动回血|血量濒危时自动回血|
3462|降低物伤和自我驱散|降低物伤和自我驱散|降低物伤和自我驱散|降低物伤和自我驱散|
3464|提高自身受到的治疗和恢复效果|提高自身受到的治疗和恢复效果|提高自身受到的治疗和恢复效果|提高自身受到的治疗和恢复效果|
3466|多次攻击后触发直线伤害|多次攻击后触发直线伤害|多次攻击后触发直线伤害|多次攻击后触发直线伤害|
3468|每隔一段时间打出范围物理伤害|每隔一段时间打出范围物理伤害|每隔一段时间打出范围物理伤害|每隔一段时间打出范围物理伤害|
3470|额外的攻击目标|额外的攻击目标|额外的攻击目标|额外的攻击目标|
3472|暴击时造成额外伤害|暴击时造成额外伤害|暴击时造成额外伤害|暴击时造成额外伤害|
3474|普攻偷取金币|普攻偷取金币|普攻偷取金币|普攻偷取金币|
3476|多次攻击后必定触发暴击|多次攻击后必定触发暴击|多次攻击后必定触发暴击|多次攻击后必定触发暴击|
3600|银币|银币|银币|银币|
3601|银币描述|银币描述|银币描述|银币描述|
3602|钻石|钻石|钻石|钻石|
3603|钻石描述|钻石描述|钻石描述|钻石描述|
3604|宝箱积分|宝箱积分|宝箱积分|宝箱积分|
3605|宝箱积分描述|宝箱积分描述|宝箱积分描述|宝箱积分描述|
3800|商店购买的宝箱也受通关进度的加成||||
3801|通关章节和难度越高,宝箱开启的奖励越丰厚||||
3802|卡牌星级越高,战斗中升级的提升越大||||
3803|锁定的装备不会参与自动合成||||
4000|1、点击“建造”按钮，选择需要建造的单位，放置到场景中|1、点击“建造”按钮，选择需要建造的单位，放置到场景中|1、点击“建造”按钮，选择需要建造的单位，放置到场景中|1、点击“建造”按钮，选择需要建造的单位，放置到场景中|
4001|2、建议开局造两个金矿,然后依次建造壮汉-牧师-剑士，壮汉放最前面，剑士放到壮汉旁边或者身后|2、建议开局造两个金矿,然后依次建造壮汉-牧师-剑士，壮汉放最前面，剑士放到壮汉旁边或者身后|2、建议开局造两个金矿,然后依次建造壮汉-牧师-剑士，壮汉放最前面，剑士放到壮汉旁边或者身后|2、建议开局造两个金矿,然后依次建造壮汉-牧师-剑士，壮汉放最前面，剑士放到壮汉旁边或者身后|
4002|3、后续根据个人喜好补充金矿或者输出单位|3、后续根据个人喜好补充金矿或者输出单位|3、后续根据个人喜好补充金矿或者输出单位|3、后续根据个人喜好补充金矿或者输出单位|
4003|4、人口不足时，记得建造农场|4、人口不足时，记得建造农场|4、人口不足时，记得建造农场|4、人口不足时，记得建造农场|
4004|升级|升级|升级|升级|
4005|*所有单位均可以升级，以获得属性或者技能的强化，单位类型的不同升级获得的效果不同。|*所有单位均可以升级，以获得属性或者技能的强化，单位类型的不同升级获得的效果不同。|*所有单位均可以升级，以获得属性或者技能的强化，单位类型的不同升级获得的效果不同。|*所有单位均可以升级，以获得属性或者技能的强化，单位类型的不同升级获得的效果不同。|
4006|肉盾|肉盾|肉盾|肉盾|
4007|*皮糙肉厚，十分耐揍。建议放到前排吸收伤害。|*皮糙肉厚，十分耐揍。建议放到前排吸收伤害。|*皮糙肉厚，十分耐揍。建议放到前排吸收伤害。|*皮糙肉厚，十分耐揍。建议放到前排吸收伤害。|
4008|治疗|治疗|治疗|治疗|
4009|*为友军提供治疗，尤其是肉盾。身板比较脆建议放到肉盾后面。|*为友军提供治疗，尤其是肉盾。身板比较脆建议放到肉盾后面。|*为友军提供治疗，尤其是肉盾。身板比较脆建议放到肉盾后面。|*为友军提供治疗，尤其是肉盾。身板比较脆建议放到肉盾后面。|
4010|近战|近战|近战|近战|
4011|*标准的输出单位，缺点是攻击距离较近，一般放在肉盾旁边或者身后。|*标准的输出单位，缺点是攻击距离较近，一般放在肉盾旁边或者身后。|*标准的输出单位，缺点是攻击距离较近，一般放在肉盾旁边或者身后。|*标准的输出单位，缺点是攻击距离较近，一般放在肉盾旁边或者身后。|
4012|远程&魔法|远程&魔法|远程&魔法|远程&魔法|
4013|*标准的输出单位，身板比近战脆，但是攻击距离较远，魔法单位还能释放范围伤害或者减益效果|*标准的输出单位，身板比近战脆，但是攻击距离较远，魔法单位还能释放范围伤害或者减益效果|*标准的输出单位，身板比近战脆，但是攻击距离较远，魔法单位还能释放范围伤害或者减益效果|*标准的输出单位，身板比近战脆，但是攻击距离较远，魔法单位还能释放范围伤害或者减益效果|
4014|挑战|挑战|挑战|挑战|
4015|*战斗过程中可以召唤特殊挑战，获得额外奖励，以更快提升战场能力。挑战怪具有一定难度，量力而行。|*战斗过程中可以召唤特殊挑战，获得额外奖励，以更快提升战场能力。挑战怪具有一定难度，量力而行。|*战斗过程中可以召唤特殊挑战，获得额外奖励，以更快提升战场能力。挑战怪具有一定难度，量力而行。|*战斗过程中可以召唤特殊挑战，获得额外奖励，以更快提升战场能力。挑战怪具有一定难度，量力而行。|
4016|金币挑战|金币挑战|金币挑战|金币挑战|
4017|*召唤一堆金币怪，击败后可以获得金币。|*召唤一堆金币怪，击败后可以获得金币。|*召唤一堆金币怪，击败后可以获得金币。|*召唤一堆金币怪，击败后可以获得金币。|
4018|能量挑战|能量挑战|能量挑战|能量挑战|
4019|*召唤一只强力怪物，击败后可以获得能量。|*召唤一只强力怪物，击败后可以获得能量。|*召唤一只强力怪物，击败后可以获得能量。|*召唤一只强力怪物，击败后可以获得能量。|
4020|装备挑战|装备挑战|装备挑战|装备挑战|
4021|*召唤一只超强怪物，击败后可以获得一件超级装备。难度较高，贸然挑战的话容易翻车。|*召唤一只超强怪物，击败后可以获得一件超级装备。难度较高，贸然挑战的话容易翻车。|*召唤一只超强怪物，击败后可以获得一件超级装备。难度较高，贸然挑战的话容易翻车。|*召唤一只超强怪物，击败后可以获得一件超级装备。难度较高，贸然挑战的话容易翻车。|
4022|装备|装备|装备|装备|
4023|*装备界面可以购买/合成装备，购买需要花费金币|*装备界面可以购买/合成装备，购买需要花费金币|*装备界面可以购买/合成装备，购买需要花费金币|*装备界面可以购买/合成装备，购买需要花费金币|
4024|装备等级|装备等级|装备等级|装备等级|
4025|*等级越高，装备的属性越强，装备技能效果越好。|*等级越高，装备的属性越强，装备技能效果越好。|*等级越高，装备的属性越强，装备技能效果越好。|*等级越高，装备的属性越强，装备技能效果越好。|
4026|装备穿戴|装备穿戴|装备穿戴|装备穿戴|
4027|*点开单位的详情界面，可以为单位穿戴/卸载装备。|*点开单位的详情界面，可以为单位穿戴/卸载装备。|*点开单位的详情界面，可以为单位穿戴/卸载装备。|*点开单位的详情界面，可以为单位穿戴/卸载装备。|
4028|合成|合成|合成|合成|
4029|*2件装备可以合成，随机获得一件更高等级的装备。|*2件装备可以合成，随机获得一件更高等级的装备。|*2件装备可以合成，随机获得一件更高等级的装备。|*2件装备可以合成，随机获得一件更高等级的装备。|
4030|装备重置|装备重置|装备重置|装备重置|
4031|*花费能量，可以将一件装备重置为同等级的另一件装备。|*花费能量，可以将一件装备重置为同等级的另一件装备。|*花费能量，可以将一件装备重置为同等级的另一件装备。|*花费能量，可以将一件装备重置为同等级的另一件装备。|